P02730 "Cleavages","45",44,45
P02730 "Cleavages","205",204,205
Q8IU99 "Cleavages","173",172,173
P19022 "Cleavages","159",158,159
P78325 "Cleavages","200",199,200
P78325 "Cleavages","200",199,200
P78325 "Cleavages","200",199,200
P78325 "Cleavages","200",199,200
P78325 "Cleavages","200",199,200
P78325 "Cleavages","200",199,200
P33151 "Cleavages","47",46,47
P33151 "Cleavages","137",136,137
P33151 "Cleavages","139",138,139
P33151 "Cleavages","140",139,140
P33151 "Cleavages","246",245,246
P33151 "Cleavages","249",248,249
P33151 "Cleavages","250",249,250
P21583 "Cleavages","183",182,183
P21583 "Cleavages","190",189,190
Q9H4D0 "Cleavages","803",802,803
Q9H4D0 "Cleavages","803",802,803
Q9H4D0 "Cleavages","834",833,834
Q9H4D0 "Cleavages","834",833,834
Q9H4D0 "Cleavages","837",836,837
Q9H4D0 "Cleavages","837",836,837
P51572 "Cleavages","164",163,164
P51572 "Cleavages","164",163,164
P51572 "Cleavages","168",167,168
P51572 "Cleavages","169",168,169
P51572 "Cleavages","172",171,172
P51572 "Cleavages","172",171,172
P51572 "Cleavages","192",191,192
P51572 "Cleavages","192",191,192
P51572 "Cleavages","238",237,238
P08514 "Cleavages","890",889,890
P08514 "Cleavages","890",889,890
P08514 "Cleavages","890",889,890
P08514 "Cleavages","890",889,890
O95180 "Cleavages","444",443,444
P36544 "Cleavages","47",46,47
P40967 "Cleavages","207",206,207
P40967 "Cleavages","208",207,208
P40967 "Cleavages","209",208,209
P40967 "Cleavages","210",209,210
P40967 "Cleavages","211",210,211
Q6P4E1 "Cleavages","305",304,305
P36956 "Cleavages","460",459,460
P36956 "Cleavages","530",529,530
Q9GZM5 "Cleavages","65",64,65
Q12791 "Cleavages","2",1,2
Q12791 "Cleavages","2",1,2
Q12791 "Cleavages","1008",1007,1008
Q5SY80 "Cleavages","191",190,191
Q8NF91 "Cleavages","6568",6567,6568
P49810 "Cleavages","326",325,326
P49810 "Cleavages","326",325,326
P49810 "Cleavages","326",325,326
P49810 "Cleavages","329",328,329
P49810 "Cleavages","329",328,329
P23634 "Cleavages","1080",1079,1080
P23634 "Cleavages","1080",1079,1080
P53708 "Cleavages","906",905,906
P53708 "Cleavages","906",905,906
P53708 "Cleavages","906",905,906
P53708 "Cleavages","906",905,906
Q12772 "Cleavages","468",467,468
Q12772 "Cleavages","468",467,468
Q12772 "Cleavages","468",467,468
Q12772 "Cleavages","484",483,484
Q12772 "Cleavages","490",489,490
Q12772 "Cleavages","522",521,522
P07359 "Cleavages","291",290,291
P07359 "Cleavages","292",291,292
P07359 "Cleavages","312",311,312
O14672 "Cleavages","109",108,109
O14672 "Cleavages","213",212,213
O14672 "Cleavages","213",212,213
O14672 "Cleavages","213",212,213
O14672 "Cleavages","213",212,213
O14672 "Cleavages","213",212,213
O14672 "Cleavages","213",212,213
Q05586 "Cleavages","260",259,260
Q9GZU1 "Cleavages","200",199,200
Q02413 "Cleavages","49",48,49
Q02413 "Cleavages","49",48,49
Q02413 "Cleavages","146",145,146
Q02413 "Cleavages","242",241,242
Q02413 "Cleavages","368",367,368
Q02413 "Cleavages","422",421,422
Q02413 "Cleavages","422",421,422
Q02413 "Cleavages","528",527,528
Q02413 "Cleavages","888",887,888
Q13443 "Cleavages","71",70,71
Q13443 "Cleavages","71",70,71
Q13443 "Cleavages","72",71,72
Q13443 "Cleavages","72",71,72
Q13443 "Cleavages","95",94,95
Q13443 "Cleavages","106",105,106
Q13443 "Cleavages","106",105,106
O94910 "Cleavages","838",837,838
P05023 "Cleavages","499",498,499
P42263 "Cleavages","416",415,416
Q13936 "Cleavages","899",898,899
Q13936 "Cleavages","1437",1436,1437
P50851 "Cleavages","1204",1203,1204
P50851 "Cleavages","1756",1755,1756
P50851 "Cleavages","2001",2000,2001
Q9HAR2 "Cleavages","841",840,841
P01893 "Cleavages","261",260,261
Q16849 "Cleavages","608",607,608
Q16849 "Cleavages","659",658,659
P35070 "Cleavages","111",110,111
Q5JTH9 "Cleavages","82",81,82
Q5JTH9 "Cleavages","1071",1070,1071
Q5JTH9 "Cleavages","1182",1181,1182
P55283 "Cleavages","166",165,166
Q06481 "Cleavages","140",139,140
O00254 "Cleavages","38",37,38
P49069 "Cleavages","51",50,51
Q14703 "Cleavages","133",132,133
Q14703 "Cleavages","137",136,137
Q14703 "Cleavages","186",185,186
Q15303 "Cleavages","641",640,641
Q15303 "Cleavages","672",671,672
P25116 "Cleavages","25",24,25
P25116 "Cleavages","32",31,32
P25116 "Cleavages","32",31,32
P25116 "Cleavages","36",35,36
P25116 "Cleavages","36",35,36
P25116 "Cleavages","41",40,41
P25116 "Cleavages","41",40,41
P25116 "Cleavages","41",40,41
P25116 "Cleavages","41",40,41
P25116 "Cleavages","41",40,41
P25116 "Cleavages","41",40,41
P25116 "Cleavages","41",40,41
P25116 "Cleavages","41",40,41
P25116 "Cleavages","41",40,41
P25116 "Cleavages","41",40,41
P25116 "Cleavages","41",40,41
P25116 "Cleavages","41",40,41
P25116 "Cleavages","41",40,41
P25116 "Cleavages","41",40,41
P25116 "Cleavages","42",41,42
P25116 "Cleavages","43",42,43
P25116 "Cleavages","43",42,43
P25116 "Cleavages","43",42,43
P25116 "Cleavages","43",42,43
P25116 "Cleavages","44",43,44
P25116 "Cleavages","45",44,45
P25116 "Cleavages","46",45,46
P25116 "Cleavages","46",45,46
P25116 "Cleavages","46",45,46
P25116 "Cleavages","48",47,48
P25116 "Cleavages","51",50,51
P25116 "Cleavages","54",53,54
P25116 "Cleavages","55",54,55
P25116 "Cleavages","69",68,69
P25116 "Cleavages","70",69,70
P25116 "Cleavages","72",71,72
P25116 "Cleavages","72",71,72
P25116 "Cleavages","74",73,74
P25116 "Cleavages","76",75,76
P25116 "Cleavages","76",75,76
P25116 "Cleavages","82",81,82
P25116 "Cleavages","86",85,86
P25116 "Cleavages","92",91,92
Q96QU1 "Cleavages","1247",1246,1247
P07949 "Cleavages","707",706,707
P07949 "Cleavages","1017",1016,1017
P48058 "Cleavages","408",407,408
P43146 "Cleavages","1290",1289,1290
Q70SY1 "Cleavages","430",429,430
Q16625 "Cleavages","226",225,226
Q16625 "Cleavages","320",319,320
Q8IZJ1 "Cleavages","412",411,412
Q16595 "Cleavages","41",40,41
Q16595 "Cleavages","55",54,55
Q9BQT9 "Cleavages","812",811,812
Q9BQT9 "Cleavages","812",811,812
Q9BQT9 "Cleavages","849",848,849
Q9BQT9 "Cleavages","849",848,849
Q9BQT9 "Cleavages","852",851,852
Q9BQT9 "Cleavages","852",851,852
P22223 "Cleavages","107",106,107
P42261 "Cleavages","882",881,882
O14828 "Cleavages","90",89,90
Q4ZIN3 "Cleavages","342",341,342
O43184 "Cleavages","207",206,207
O43184 "Cleavages","207",206,207
O43184 "Cleavages","207",206,207
O43184 "Cleavages","207",206,207
O43184 "Cleavages","207",206,207
Q9UKQ2 "Cleavages","196",195,196
P29965 "Cleavages","113",112,113
Q13444 "Cleavages","50",49,50
Q13444 "Cleavages","206",205,206
Q07954 "Cleavages","3943",3942,3943
Q07954 "Cleavages","3943",3942,3943
Q07954 "Cleavages","3943",3942,3943
Q07954 "Cleavages","3943",3942,3943
Q07954 "Cleavages","3943",3942,3943
Q07954 "Cleavages","3943",3942,3943
P49768 "Cleavages","333",332,333
P49768 "Cleavages","333",332,333
P49768 "Cleavages","345",344,345
P49768 "Cleavages","345",344,345
P49768 "Cleavages","345",344,345
P49768 "Cleavages","345",344,345
P49768 "Cleavages","345",344,345
Q9UF33 "Cleavages","153",152,153
P50281 "Cleavages","49",48,49
P50281 "Cleavages","49",48,49
P50281 "Cleavages","60",59,60
P50281 "Cleavages","60",59,60
P50281 "Cleavages","108",107,108
P50281 "Cleavages","111",110,111
P50281 "Cleavages","111",110,111
P50281 "Cleavages","111",110,111
P50281 "Cleavages","111",110,111
P50281 "Cleavages","111",110,111
P50281 "Cleavages","111",110,111
P50281 "Cleavages","111",110,111
P50281 "Cleavages","111",110,111
P50281 "Cleavages","118",117,118
P50281 "Cleavages","129",128,129
P50281 "Cleavages","221",220,221
P50281 "Cleavages","255",254,255
P50281 "Cleavages","283",282,283
P50281 "Cleavages","284",283,284
P50281 "Cleavages","298",297,298
P21730 "Cleavages","11",10,11
P21730 "Cleavages","14",13,14
P21730 "Cleavages","20",19,20
P21730 "Cleavages","22",21,22
O60883 "Cleavages","73",72,73
Q92673 "Cleavages","81",80,81
Q92673 "Cleavages","81",80,81
Q92673 "Cleavages","81",80,81
Q92673 "Cleavages","81",80,81
Q92673 "Cleavages","81",80,81
Q92673 "Cleavages","81",80,81
P12821 "Cleavages","1232",1231,1232
O75445 "Cleavages","649",648,649
P01130 "Cleavages","559",558,559
Q9NQC3 "Cleavages","13",12,13
Q9NQC3 "Cleavages","80",79,80
Q9NQC3 "Cleavages","167",166,167
Q9H013 "Cleavages","203",202,203
Q9H013 "Cleavages","203",202,203
Q9H013 "Cleavages","203",202,203
Q9H013 "Cleavages","203",202,203
Q9H013 "Cleavages","203",202,203
Q9H013 "Cleavages","203",202,203
Q9H013 "Cleavages","586",585,586
Q9H9B4 "Cleavages","1",0,1
P98161 "Cleavages","3048",3047,3048
P98161 "Cleavages","3048",3047,3048
Q8IXU6 "Cleavages","154",153,154
P43004 "Cleavages","505",504,505
P51798 "Cleavages","120",119,120
Q01814 "Cleavages","1117",1116,1117
Q01814 "Cleavages","1117",1116,1117
Q01814 "Cleavages","1117",1116,1117
Q01814 "Cleavages","1124",1123,1124
Q01814 "Cleavages","1135",1134,1135
P23229 "Cleavages","633",632,633
P23229 "Cleavages","941",940,941
P23229 "Cleavages","941",940,941
P23229 "Cleavages","941",940,941
P23229 "Cleavages","941",940,941
P23229 "Cleavages","941",940,941
P23229 "Cleavages","941",940,941
Q12879 "Cleavages","317",316,317
Q12879 "Cleavages","1398",1397,1398
P12830 "Cleavages","154",153,154
P12830 "Cleavages","585",584,585
P12830 "Cleavages","586",585,586
P12830 "Cleavages","700",699,700
P12830 "Cleavages","731",730,731
P01133 "Cleavages","1022",1021,1022
O60733 "Cleavages","183",182,183
Q14242 "Cleavages","48",47,48
Q14242 "Cleavages","303",302,303
Q9Y2U8 "Cleavages","177",176,177
P20645 "Cleavages","256",255,256
P30825 "Cleavages","1",0,1
Q9BXM7 "Cleavages","103",102,103
Q9H5V8 "Cleavages","368",367,368
Q8WWZ7 "Cleavages","545",544,545
Q9Y5Z0 "Cleavages","62",61,62
P27824 "Cleavages","389",388,389
P30301 "Cleavages","238",237,238
P30301 "Cleavages","252",251,252
P30301 "Cleavages","259",258,259
P30301 "Cleavages","260",259,260
Q01959 "Cleavages","43",42,43
Q01959 "Cleavages","71",70,71
Q13683 "Cleavages","958",957,958
Q13683 "Cleavages","958",957,958
Q13683 "Cleavages","958",957,958
Q13683 "Cleavages","958",957,958
Q13683 "Cleavages","958",957,958
Q13683 "Cleavages","958",957,958
Q2M3T9 "Cleavages","208",207,208
Q9Y6I9 "Cleavages","219",218,219
Q96S66 "Cleavages","390",389,390
P00533 "Cleavages","683",682,683
P00533 "Cleavages","733",732,733
P00533 "Cleavages","1006",1005,1006
P00533 "Cleavages","1009",1008,1009
P00533 "Cleavages","1030",1029,1030
P00533 "Cleavages","1059",1058,1059
P00533 "Cleavages","1086",1085,1086
P00533 "Cleavages","1151",1150,1151
P00533 "Cleavages","1185",1184,1185
Q969X1 "Cleavages","65",64,65
Q96RI0 "Cleavages","35",34,35
Q96RI0 "Cleavages","35",34,35
Q96RI0 "Cleavages","35",34,35
Q96RI0 "Cleavages","36",35,36
Q96RI0 "Cleavages","37",36,37
Q96RI0 "Cleavages","39",38,39
Q96RI0 "Cleavages","40",39,40
Q96RI0 "Cleavages","47",46,47
Q96RI0 "Cleavages","47",46,47
Q96RI0 "Cleavages","47",46,47
Q96RI0 "Cleavages","47",46,47
Q96RI0 "Cleavages","47",46,47
Q96RI0 "Cleavages","47",46,47
Q96RI0 "Cleavages","47",46,47
Q96RI0 "Cleavages","49",48,49
Q96RI0 "Cleavages","49",48,49
Q96RI0 "Cleavages","51",50,51
A0FGR8 "Cleavages","759",758,759
P06734 "Cleavages","80",79,80
P06734 "Cleavages","80",79,80
P06734 "Cleavages","98",97,98
P06734 "Cleavages","99",98,99
P06734 "Cleavages","99",98,99
P06734 "Cleavages","101",100,101
O75309 "Cleavages","513",512,513
O43520 "Cleavages","608",607,608
Q9Y624 "Cleavages","156",155,156
Q9Y624 "Cleavages","158",157,158
Q9Y624 "Cleavages","158",157,158
Q9Y624 "Cleavages","162",161,162
Q9Y624 "Cleavages","168",167,168
P04626 "Cleavages","1016",1015,1016
P04626 "Cleavages","1016",1015,1016
P04626 "Cleavages","1019",1018,1019
P04626 "Cleavages","1019",1018,1019
P04626 "Cleavages","1087",1086,1087
P04626 "Cleavages","1087",1086,1087
P04626 "Cleavages","1125",1124,1125
P04626 "Cleavages","1125",1124,1125
Q9H1Y3 "Cleavages","341",340,341
P21918 "Cleavages","440",439,440
P21918 "Cleavages","440",439,440
Q9UI14 "Cleavages","13",12,13
Q92838 "Cleavages","159",158,159
Q92838 "Cleavages","159",158,159
Q92838 "Cleavages","159",158,159
Q92838 "Cleavages","159",158,159
Q92838 "Cleavages","159",158,159
Q92838 "Cleavages","159",158,159
O95264 "Cleavages","204",203,204
P15941 "Cleavages","1097",1096,1097
P06213 "Cleavages","762",761,762
P06213 "Cleavages","762",761,762
P06213 "Cleavages","762",761,762
P06213 "Cleavages","762",761,762
P06213 "Cleavages","762",761,762
P06213 "Cleavages","762",761,762
P13612 "Cleavages","591",590,591
P13612 "Cleavages","591",590,591
P13612 "Cleavages","591",590,591
P13612 "Cleavages","591",590,591
P13612 "Cleavages","591",590,591
P13612 "Cleavages","591",590,591
O14944 "Cleavages","62",61,62
O14944 "Cleavages","108",107,108
P98155 "Cleavages","381",380,381
A6NKB5 "Cleavages","182",181,182
Q9H6A9 "Cleavages","329",328,329
P32926 "Cleavages","28",27,28
P32926 "Cleavages","33",32,33
P32926 "Cleavages","34",33,34
P32926 "Cleavages","34",33,34
P32926 "Cleavages","49",48,49
P32926 "Cleavages","49",48,49
P32926 "Cleavages","781",780,781
Q9UHX3 "Cleavages","517",516,517
P50895 "Cleavages","529",528,529
P50895 "Cleavages","530",529,530
Q14574 "Cleavages","38",37,38
Q14574 "Cleavages","38",37,38
O75056 "Cleavages","403",402,403
O75056 "Cleavages","404",403,404
O75056 "Cleavages","405",404,405
O75056 "Cleavages","406",405,406
P11717 "Cleavages","500",499,500
P41250 "Cleavages","92",91,92
P48023 "Cleavages","110",109,110
P48023 "Cleavages","113",112,113
P48023 "Cleavages","126",125,126
Q68CJ9 "Cleavages","364",363,364
P35499 "Cleavages","289",288,289
P35499 "Cleavages","334",333,334
